video_url,user_url,username,title,view_num,created_at,shortdesc,collected_at
/watch?v=l6i0lZs7U9M&pp=ygUZb2hpbyBzdGF0ZSBkYW5jZSB0ZWFtamF6eg%3D%3D,/@collegiatedancehub,collegiate dance hub,The Ohio State University Dance Team Jazz 2025,454K,11 months,UDA College Dance Team National Championship D1A Jazz Finals CHAMPION Choreography: Ricky Ubeda.,2026-01-21 23:12:34.746671
/watch?v=83Ican6q7CQ&list=RD83Ican6q7CQ&start_radio=1&pp=ygUZb2hpbyBzdGF0ZSBkYW5jZSB0ZWFtamF6eqAHAQ%3D%3D,/@ohiostatedanceteam3290,Ohio State Dance Team,2025 Ohio State Jazz,54K,11 months,D1A Jazz National Champions Choreographer: Ricky Ubeda Costume: Emily Raiche.,2026-01-21 23:12:34.749768
/watch?v=fwxvq6ebiyg&pp=ygUZb2hpbyBzdGF0ZSBkYW5jZSB0ZWFtamF6eg%3D%3D,/@collegiatedancehub,collegiate dance hub,Ohio State University Dance Team Jazz 2026,811,7 hours,UDA College Dance Team National Championship D1A Jazz Finals 1st Place Choreography:,2026-01-21 23:12:34.752508
/watch?v=VNV1CrxSp2o&list=RDVNV1CrxSp2o&start_radio=1&pp=ygUZb2hpbyBzdGF0ZSBkYW5jZSB0ZWFtamF6eqAHAQ%3D%3D,/@superiiorcheer2,superiiorcheer,The Ohio State University Dance UDA 2026 Semifinals JAZZ ,138K,3 days,VIDEO IS FROM hannah04_12 ON TIKTOK !!! #dance #dancemoms #dancer #udanationals #uda2026 #jazz #dancing ...,2026-01-21 23:12:34.755621
/watch?v=VoC85FHnkKk&pp=ygUZb2hpbyBzdGF0ZSBkYW5jZSB0ZWFtamF6eg%3D%3D,/@ohiostatedanceteam3290,Ohio State Dance Team,2022 The Ohio State University - UDA Jazz Finals,103K,3 years,D1A Jazz National Champions Choreography: Shannon Mather Music: Dancing by Elisa *we do not own the rights to this music*,2026-01-21 23:12:34.757013
/watch?v=OkUK6KjzCrg&list=RDOkUK6KjzCrg&start_radio=1&pp=ygUZb2hpbyBzdGF0ZSBkYW5jZSB0ZWFtamF6eqAHAQ%3D%3D,/@ohiostatedanceteam3290,Ohio State Dance Team,2023 The Ohio State University - UDA Jazz Finals,286K,3 years,Head Choreographer: Shannon Mather Assistant Choreographer: Nicole Smith Music: Beyonce Costume: The LineUp x ...,2026-01-21 23:12:34.759485
/watch?v=k2ZJZ_vagQ0&pp=ygUZb2hpbyBzdGF0ZSBkYW5jZSB0ZWFtamF6eg%3D%3D,/@emily.decker,Emily Decker,OHIO STATE DANCE TEAM JAZZ 2025,10K,1 year,Division 1A- Jazz Semis UDA nationals.,2026-01-21 23:12:34.760915
/watch?v=GsdJyyIIKyQ&list=RDGsdJyyIIKyQ&start_radio=1&pp=ygUZb2hpbyBzdGF0ZSBkYW5jZSB0ZWFtamF6eqAHAQ%3D%3D,/@superiiorcheer2,superiiorcheer,The Ohio State University Dance Team Jazz Prelims 2026 UDA Nationals ,64K,4 days,VID FROM brievs.22 on tiktok #dance #dancer #dancemoms #dancevideo #udanationals #uda #collegedance #ohiostate.,2026-01-21 23:12:34.762368
/watch?v=T3_YOmX0Ejk&pp=ygUZb2hpbyBzdGF0ZSBkYW5jZSB0ZWFtamF6eg%3D%3D,/@collegiatedancehub,collegiate dance hub,Ohio State University Dance Team Jazz 2024,2.3K,2 weeks,UDA College Dance Team National Championship D1A Jazz Finals 1st Place Choreography:,2026-01-21 23:12:34.766933
/watch?v=CbLVXzcsdoU&pp=ygUZb2hpbyBzdGF0ZSBkYW5jZSB0ZWFtamF6eg%3D%3D,/@UDADANCE,UDA DANCE,Ohio State University | Jazz 2025,2.9K,1 year,I don't own rights to the music.,2026-01-21 23:12:34.769304
/watch?v=gU4vc8OYScw&list=RDgU4vc8OYScw&start_radio=1&pp=ygUZb2hpbyBzdGF0ZSBkYW5jZSB0ZWFtamF6eqAHAQ%3D%3D,/@superiiorcheer2,superiiorcheer,University of Minnesota Dance Jazz UDA 2026 Semi Finals D1A,94K,3 days,VIDEO IS FROM hannah04_12 ON TIKTOK !!! #dance #dancemoms #dancer #udanationals #uda2026 #jazz #dancing ...,2026-01-21 23:12:34.770724
/watch?v=b-ihZFnmJf0&pp=ygUZb2hpbyBzdGF0ZSBkYW5jZSB0ZWFtamF6eg%3D%3D,/@collegiatedancehub,collegiate dance hub,Ohio State University Dance Team Pom 2026,307,19 hours,UDA College Dance Team National Championship D1A Pom Finals 3rd Place Choreography:,2026-01-21 23:12:34.774113
/watch?v=gyU0Hlxox4o&pp=ygUZb2hpbyBzdGF0ZSBkYW5jZSB0ZWFtamF6eg%3D%3D,/@superiiorcheer2,superiiorcheer,LSU Tiger Girls JAZZ 2026 UDA Semifinals ,62K,3 days,VIDEO IS FROM hannah04_12 ON TIKTOK !!! #dance #dancemoms #dancer #udanationals #uda2026 #jazz #dancing ...,2026-01-21 23:12:34.775514
/watch?v=A218ELMnyP0&pp=ygUZb2hpbyBzdGF0ZSBkYW5jZSB0ZWFtamF6eg%3D%3D,/@superiiorcheer2,superiiorcheer,San Diego State Dance Team JAZZ UDA FINALS 2026 ,6.5K,3 days,Video is from marina3girls3 ON TIKTOK #dance #dancemoms #dancer #dancing #dancevideo #dancechallenge #dancemusic ...,2026-01-21 23:12:34.776866
/watch?v=ih0Tb83v_oA&pp=ygUZb2hpbyBzdGF0ZSBkYW5jZSB0ZWFtamF6etIHCQmHCgGHKiGM7w%3D%3D,/@collegedanceteamvideos2022,College Dance Team Videos,The Ohio State Dance Team Jazz 2019,42K,7 years,The Ohio State Dance Team Jazz 2019 2nd Place I do not own the rights to the music.,2026-01-21 23:12:34.779445
/watch?v=YrKmsxt5c34&pp=ygUab2hpbyBzdGF0ZSBkYW5jZSB0ZWFtIGpheno%3D,/@collegiatedancehub,collegiate dance hub,Weber State University Dance Team Jazz 2026,144,21 hours,UDA College Dance Team National Championship D1 Jazz Finals 3rd Place Choreography:,2026-01-21 23:12:43.800665
/watch?v=kMxPBU5d_Wc&pp=ygUab2hpbyBzdGF0ZSBkYW5jZSB0ZWFtIGpheno%3D,/@superiiorcheer2,superiiorcheer,The Ohio State University Dance Team UDA FINALS 2026 Jazz ,12K,3 days,Video is from marina3girls3 ON TIKTOK #dance #dancemoms #dancer #dancing #dancevideo #dancechallenge #dancemusic ...,2026-01-21 23:12:43.809571
/watch?v=cF2mSicMjNM&pp=ygUab2hpbyBzdGF0ZSBkYW5jZSB0ZWFtIGpheno%3D,/@ohiostatedanceteam3290,Ohio State Dance Team,OSUDT Training Camp: Jazz Combo,10K,3 years,"Choreography - Marley Blanchard Music - ""Get Up"" / Ciara Video - Sammy McFadden We do not own the rights to this music*",2026-01-21 23:12:43.815449
/watch?v=jZdAT6F0dtc&pp=ygUab2hpbyBzdGF0ZSBkYW5jZSB0ZWFtIGphenrSBwkJhwoBhyohjO8%3D,/@collegiatedancehub,collegiate dance hub,Penn State Dance Team Jazz 2025,55K,11 months,UDA College Dance Team National Championship D1A Jazz Finals 10th Place Choreography:,2026-01-21 23:12:43.816722
/watch?v=XgVwiwkoiNU&pp=ygUab2hpbyBzdGF0ZSBkYW5jZSB0ZWFtIGpheno%3D,/@collegiatedancehub,collegiate dance hub,Grand Canyon University Dance Team Jazz 2026,158,21 hours,UDA College Dance Team National Championship D1 Jazz Finals 1st Place Choreography:,2026-01-21 23:12:43.818986
/watch?v=UR_aa-SJHyk&pp=ygUab2hpbyBzdGF0ZSBkYW5jZSB0ZWFtIGpheno%3D,/@UDADANCE,UDA DANCE,University of Minnesota | Jazz 2025,56K,1 year,I don't own rights to music “   this woman's work : kate bush.,2026-01-21 23:12:43.825459
/watch?v=-LQ_LqM7Vy0&pp=ygUab2hpbyBzdGF0ZSBkYW5jZSB0ZWFtIGpheno%3D,/@dancheerchile,Dan Cheering,Ohio State University - jazz - Dance Team 2024,8K,2 years,First Place UDA JAZZ.,2026-01-21 23:12:43.826640
/watch?v=rWkoSnD1V68&list=RDrWkoSnD1V68&start_radio=1&pp=ygUab2hpbyBzdGF0ZSBkYW5jZSB0ZWFtIGphenqgBwE%3D,/@RhinestonesUnlimited,RhinestonesUnlimited,University of Minnesota Dance Team Jazz Full Performance | Best of the Best 2026,140K,5 days,"The legacy continues. 〽️ One week before heading to Orlando for the UDA Collegiate Nationals, the University of Minnesota ...",2026-01-21 23:12:43.828381
/watch?v=yCAAQCs61pQ&pp=ygUab2hpbyBzdGF0ZSBkYW5jZSB0ZWFtIGpheno%3D,/@UCFKnights,UCF Knights,UCF DANCE TEAM // 2026 UDA Nationals DIA Jazz Semifinals,88K,3 days,Courtesy VarsityTV. UCF Dance Team's DIA Jazz Semifinals routine at the 2026 UDA College Nationals.,2026-01-21 23:12:43.830418
/watch?v=RkztnE8gLI0&pp=ygUab2hpbyBzdGF0ZSBkYW5jZSB0ZWFtIGpheno%3D,/@collegiatedancehub,collegiate dance hub,Ohio State University Dance Team Pom 2024,4.9K,2 weeks,UDA College Dance Team National Championship D1A Pom Finals 1st Place Choreography:,2026-01-21 23:12:43.831619
/watch?v=zVBDor0Tpbs&pp=ygUab2hpbyBzdGF0ZSBkYW5jZSB0ZWFtIGpheno%3D,/@collegiatedancehub,collegiate dance hub,Louisiana State University Dance Team Jazz 2026,219,7 hours,UDA College Dance Team National Championship D1A Jazz Finals 2nd Place Choreography:,2026-01-21 23:12:50.661957
/watch?v=Sb3ef_t8RtY&pp=ygUab2hpbyBzdGF0ZSBkYW5jZSB0ZWFtIGpheno%3D,/@collegiatedancehub,collegiate dance hub,Utah Valley University Dance Team Jazz 2026,81,20 hours,UDA College Dance Team National Championship D1 Jazz Finals 4th Place Choreography:,2026-01-21 23:12:50.663310
/watch?v=mrZ6C8CELGA&pp=ygUab2hpbyBzdGF0ZSBkYW5jZSB0ZWFtIGpheno%3D,/@collegiatedancehub,collegiate dance hub,San Diego State University Dance Team Jazz 2026,60,7 hours,UDA College Dance Team National Championship D1A Jazz Finals 5th Place Choreography:,2026-01-21 23:12:50.664578
/watch?v=ntnv3wWMnk0&pp=ygUab2hpbyBzdGF0ZSBkYW5jZSB0ZWFtIGpheno%3D,/@osuclubdanceteam,The Ohio State University Club Dance Team,Ohio State Club Dance Team D1A Jazz 2025,321,4 months,NDA College Nationals Sixth Place Choreography: Carter Williams Music: Hold on Tight by Thomas Azier.,2026-01-21 23:12:50.666305
/watch?v=YH2Jxrakc1E&pp=ygUab2hpbyBzdGF0ZSBkYW5jZSB0ZWFtIGpheno%3D,/@ohiostatedanceteam3290,Ohio State Dance Team,2025 Ohio State Pom,135K,11 months,"D1A Pom Runner-Up Head Choreographer: Carsen Rowe, TRIBE99 Assistant Choreographer(s): Hailey Willis, Katie Devine ...",2026-01-21 23:12:50.667538
/watch?v=eWsblAi238I&pp=ygUab2hpbyBzdGF0ZSBkYW5jZSB0ZWFtIGpheno%3D,/@collegiatedancehub,collegiate dance hub,Cal State University Fullerton Dance Team Jazz 2026,178,21 hours,UDA College Dance Team National Championship D1 Jazz Finals 2nd Place Choreography:,2026-01-21 23:12:50.668869
/watch?v=s_176izXJFQ&list=RDs_176izXJFQ&start_radio=1&pp=ygUab2hpbyBzdGF0ZSBkYW5jZSB0ZWFtIGphenqgBwE%3D,/@mconstant5678,MCONSTANT2,LSU Tiger Girls - UDA National Champions - 2024,1.6M,2 years,Hip Hop Division.,2026-01-21 23:12:50.670160
/watch?v=T2F-aqCGpgI&pp=ygUab2hpbyBzdGF0ZSBkYW5jZSB0ZWFtIGpheno%3D,/@collegiatedancehub,collegiate dance hub,Penn State University Dance Team Jazz 2026,846,8 hours,UDA College Dance Team National Championship D1A Jazz Finals 12th Place Choreography:,2026-01-21 23:12:50.671459
/watch?v=skJSV0uWasI&list=RDskJSV0uWasI&start_radio=1&pp=ygUab2hpbyBzdGF0ZSBkYW5jZSB0ZWFtIGphenqgBwE%3D,/@bucklag,Buck Lag ,"OHIO STATE UNIVERSITY Dance Interpretation of ""My Way""    #champion",11K,1 year,"myway #franksinatra I finally understood and appreciated the song My Way. Now it's one of my favorite songs. Thank you, Ohio ...",2026-01-21 23:12:50.673856
/watch?v=-I6HauanRF4&pp=ygUab2hpbyBzdGF0ZSBkYW5jZSB0ZWFtIGpheno%3D,/@collegiatedancehub,collegiate dance hub,University of Minnesota Dance Team Jazz 2025,32K,11 months,UDA College Dance Team National Championship D1A Jazz Finals Runner Up Choreography: Tessandra Chavez.,2026-01-21 23:12:50.675102
/watch?v=oN0vUvqmJQo&list=RDoN0vUvqmJQo&start_radio=1&pp=ygUab2hpbyBzdGF0ZSBkYW5jZSB0ZWFtIGphenqgBwE%3D,/@ohiostatedanceteam3290,Ohio State Dance Team,2022 The Ohio State University - UDA Home Routine,51K,3 years,Choreography: Taylor Tsvyetkov Music: Roddy Ricch *We do not own the rights to this music.,2026-01-21 23:12:50.679229
/watch?v=cZXyHjqutyU&pp=ygUab2hpbyBzdGF0ZSBkYW5jZSB0ZWFtIGpheno%3D,/@collegiatedancehub,collegiate dance hub,University of Tennessee Dance Team Jazz 2025,52K,11 months,UDA College Dance Team National Championship D1A Jazz Finals 4th Place Choreography: Katie Fear Lane and Faymie Link.,2026-01-21 23:12:50.681757
/watch?v=LBUxFmTBsvs&pp=ygUab2hpbyBzdGF0ZSBkYW5jZSB0ZWFtIGphenrSBwkJhwoBhyohjO8%3D,/@UDADANCE,UDA DANCE,Ohio State University | Pom 2025,53K,1 year,I don't own rights to the music.,2026-01-21 23:12:50.682955
/watch?v=XmNv5RRTp5s&pp=ygUab2hpbyBzdGF0ZSBkYW5jZSB0ZWFtIGpheno%3D,/@ohiostatedanceteam3290,Ohio State Dance Team,2023 The Ohio State University - UDA Home Routine,28K,2 years,"Choreography: Marley Blanchard, Diana Natalicchio, Bennet EspindaBanick Music: Shoshana Bean, Cynthia Erivo We do not ...",2026-01-21 23:12:57.874501
/watch?v=psOhynASm9A&pp=ygUab2hpbyBzdGF0ZSBkYW5jZSB0ZWFtIGpheno%3D,/@ohiostatedanceteam3290,Ohio State Dance Team,2023 The Ohio State University - UDA Pom Finals,135K,3 years,"Choreography: TRIBE 99 - Carsen Rowe, Katie Devine, Hailey Willis, Emily Placita, Olivia Placita Music: Sounds Like That ...",2026-01-21 23:12:57.875943
/shorts/H8IGrmNLPmo,/@VarsitySpirit,Varsity Spirit,UDA Nationals 2024: The Ohio State University Dance Team - Jazz Highlights,65K,2 years,Take on #UDAnationals the BUCKEYE way #VarsityTV.,2026-01-21 23:12:57.878337
/watch?v=LVnX2GZwKv4&pp=ygUab2hpbyBzdGF0ZSBkYW5jZSB0ZWFtIGpheno%3D,/@dannelson716,Dan Nelson,Floor View of 2022 Jazz National Champions The Ohio State University Dance Team,31K,3 years,Video shot by Kurt Takahashi.,2026-01-21 23:12:57.883364
/watch?v=PFas8IVdKr8&pp=ygUab2hpbyBzdGF0ZSBkYW5jZSB0ZWFtIGpheno%3D,/@dancheerchile,Dan Cheering,The ohio state university - dance team 2019,2.5K,6 years,UDA NATIONALS NATIONAL CHAMPIONS.,2026-01-21 23:12:57.887837
/watch?v=Xo_m3ogBEBc&pp=ygUab2hpbyBzdGF0ZSBkYW5jZSB0ZWFtIGpheno%3D,/@ohiostatedanceteam3290,Ohio State Dance Team,2022 The Ohio State University - UDA Pom Finals,212K,3 years,D1A Pom National Champions Choreography: TRIBE 99 - Carsen Rowe & Katie Devine Music: Sounds Like That Costume: The ...,2026-01-21 23:12:57.889052
/watch?v=2d0hmADstXM&list=RD2d0hmADstXM&start_radio=1&pp=ygUab2hpbyBzdGF0ZSBkYW5jZSB0ZWFtIGphenqgBwE%3D,/@theohiostateuniversityscho6470,The Ohio State University School of Music Channel,Jazz Combo Showcase 11.6.25,1K,Streamed 2 months,The Jazz Studies area showcases student combos performing standards through contemporary tunes. Performing groups and ...,2026-01-21 23:12:57.891772
/watch?v=jyDMfWjc7Do&pp=ygUab2hpbyBzdGF0ZSBkYW5jZSB0ZWFtIGpheno%3D,/@collegiatedancehub,collegiate dance hub,University of Michigan Dance Team Jazz 2025,34K,11 months,UDA College Dance Team National Championship D1A Jazz Finals 3rd Place Choreography: Chase Hudson.,2026-01-21 23:12:57.894919
/watch?v=xaZiBLVdn1g&pp=ygUab2hpbyBzdGF0ZSBkYW5jZSB0ZWFtIGpheno%3D,/@UCFKnights,UCF Knights,2025 UCF Dance Team National Jazz Semifinals Routine,65K,1 year,Courtesy of VarsityTV - UCF Dance Team's Jazz routine from the 2025 UDA National Championships at Wide World of Sports.,2026-01-21 23:12:57.897735
